mDette.pfa,mDette.time.mean,mDette.RMSE.min,mDette.RMSE.med,mDette.RMSE.d51,mDette.MAE.med,mDette.WAE.med,mDette.npfa,mDette.time.rank,mDette.RMSE.rank,mDette.RMSEmed.rank,mDette.RMSEd51.rank,mDette.MAE.rank,mDette.WAE.rank,mFriedman.pfa,mFriedman.time.mean,mFriedman.RMSE.min,mFriedman.RMSE.med,mFriedman.RMSE.d51,mFriedman.MAE.med,mFriedman.WAE.med,mFriedman.npfa,mFriedman.time.rank,mFriedman.RMSE.rank,mFriedman.RMSEmed.rank,mFriedman.RMSEd51.rank,mFriedman.MAE.rank,mFriedman.WAE.rank,mIshigami.pfa,mIshigami.time.mean,mIshigami.RMSE.min,mIshigami.RMSE.med,mIshigami.RMSE.d51,mIshigami.MAE.med,mIshigami.WAE.med,mIshigami.npfa,mIshigami.time.rank,mIshigami.RMSE.rank,mIshigami.RMSEmed.rank,mIshigami.RMSEd51.rank,mIshigami.MAE.rank,mIshigami.WAE.rank,mRef153.pfa,mRef153.time.mean,mRef153.RMSE.min,mRef153.RMSE.med,mRef153.RMSE.d51,mRef153.MAE.med,mRef153.WAE.med,mRef153.npfa,mRef153.time.rank,mRef153.RMSE.rank,mRef153.RMSEmed.rank,mRef153.RMSEd51.rank,mRef153.MAE.rank,mRef153.WAE.rank,uDmod2.pfa,uDmod2.time.mean,uDmod2.RMSE.min,uDmod2.RMSE.med,uDmod2.RMSE.d51,uDmod2.MAE.med,uDmod2.WAE.med,uDmod2.npfa,uDmod2.time.rank,uDmod2.RMSE.rank,uDmod2.RMSEmed.rank,uDmod2.RMSEd51.rank,uDmod2.MAE.rank,uDmod2.WAE.rank,uDreyfus1.pfa,uDreyfus1.time.mean,uDreyfus1.RMSE.min,uDreyfus1.RMSE.med,uDreyfus1.RMSE.d51,uDreyfus1.MAE.med,uDreyfus1.WAE.med,uDreyfus1.npfa,uDreyfus1.time.rank,uDreyfus1.RMSE.rank,uDreyfus1.RMSEmed.rank,uDreyfus1.RMSEd51.rank,uDreyfus1.MAE.rank,uDreyfus1.WAE.rank,uGauss2.pfa,uGauss2.time.mean,uGauss2.RMSE.min,uGauss2.RMSE.med,uGauss2.RMSE.d51,uGauss2.MAE.med,uGauss2.WAE.med,uGauss2.npfa,uGauss2.time.rank,uGauss2.RMSE.rank,uGauss2.RMSEmed.rank,uGauss2.RMSEd51.rank,uGauss2.MAE.rank,uGauss2.WAE.rank,uNeuroOne.pfa,uNeuroOne.time.mean,uNeuroOne.RMSE.min,uNeuroOne.RMSE.med,uNeuroOne.RMSE.d51,uNeuroOne.MAE.med,uNeuroOne.WAE.med,uNeuroOne.npfa,uNeuroOne.time.rank,uNeuroOne.RMSE.rank,uNeuroOne.RMSEmed.rank,uNeuroOne.RMSEd51.rank,uNeuroOne.MAE.rank,uNeuroOne.WAE.rank
AMORE::train_ADAPTgd,0.128,0.4391,0.4564,0.0173,0.3246,2.0005,1,8,15,9,10,7,9,AMORE::train_ADAPTgd,0.128,0.0264,0.0296,0.0032,0.0235,0.1101,1,9,26,22,23,22,21,AMORE::train_ADAPTgd,0.222,0.769,0.8135,0.0445,0.6083,2.9968,1,9,19,14,19,14,6,AMORE::train_ADAPTgd,0.038,3.3184,3.3402,0.0217999999999998,2.3679,13.7131,1,12,20,7,9,8,12,AMORE::train_ADAPTgd,0.022,0.2579,0.2632,0.00529999999999997,0.2333,0.5307,1,13,53,48,14,49,48,AMORE::train_ADAPTgd,0.02,0.3308,0.3475,0.0167,0.2718,0.7716,1,19,50,49,27,47,45,AMORE::train_ADAPTgd,0.054,7.4794,8.1969,0.717499999999999,6.0059,23.913,1,10,43,35,24,36,35,AMORE::train_ADAPTgd,0.02,0.2958,0.2965,0.000699999999999978,0.2451,0.6433,1,19,40,33,27,31,33
AMORE::train_ADAPTgdwm,0.184,0.3972,0.4012,0.004,0.3084,1.7312,2,11,13,4,8,4,3,AMORE::train_ADAPTgdwm,0.178,0.0439,0.045,0.0011,0.0321,0.1788,2,10,37,26,13,26,29,AMORE::train_ADAPTgdwm,0.33,0.8636,0.995,0.1314,0.728,3.8394,2,11,27,22,37,21,21,AMORE::train_ADAPTgdwm,0.05,3.3209,3.5541,0.2332,2.5492,14.1047,2,17,21,22,32,19,19,AMORE::train_ADAPTgdwm,0.034,0.1145,0.1924,0.0779,0.1573,0.4195,2,17,34,37,53,37,34,AMORE::train_ADAPTgdwm,0.03,0.1804,0.2112,0.0308,0.1476,0.4856,2,21,36,33,37,31,33,AMORE::train_ADAPTgdwm,0.068,4.3864,10.4646,6.0782,6.6054,38.572,2,13,35,49,60,44,52,AMORE::train_ADAPTgdwm,0.028,0.2854,0.2854,0,0.2285,0.6436,2,20,22,15,1,2,35
AMORE::train_BATCHgd,1.87,1.8688,1.8999,0.0310999999999999,1.5158,8.6487,3,36,40,31,12,36,31,AMORE::train_BATCHgd,1.876,0.0177,0.0816,0.0639,0.0748,0.1692,3,32,17,35,57,39,28,AMORE::train_BATCHgd,2.624,2.5215,2.5544,0.0328999999999997,2.1768,6.3018,3,34,41,36,15,41,30,AMORE::train_BATCHgd,1.436,3.361,3.5412,0.1802,2.5557,13.2065,3,42,22,21,27,22,3,AMORE::train_BATCHgd,1.65,0.2228,0.2644,0.0416,0.2347,0.4989,3,43,47,49,42,51,40,AMORE::train_BATCHgd,1.382,0.316,0.3346,0.0186,0.274,0.7087,3,46,48,39,29,49,36,AMORE::train_BATCHgd,1.552,9.1582,9.7638,0.605599999999999,7.1783,28.5231,3,38,48,47,20,48,44,AMORE::train_BATCHgd,1.232,0.2931,0.2935,0.000399999999999956,0.2421,0.6309,3,45,37,28,24,26,31
AMORE::train_BATCHgdwm,1.862,1.8586,1.9806,0.122,1.499,11.2445,4,35,39,33,23,35,36,AMORE::train_BATCHgdwm,1.882,0.0173,0.0176,0.000300000000000002,0.0138,0.0586,4,33,16,10,7,10,11,AMORE::train_BATCHgdwm,2.678,2.4805,2.5259,0.0453999999999999,2.1518,6.4536,4,35,40,34,20,39,31,AMORE::train_BATCHgdwm,1.438,3.3094,3.4478,0.1384,2.4907,13.627,4,43,19,15,20,17,10,AMORE::train_BATCHgdwm,1.65,0.1585,0.2621,0.1036,0.2341,0.4898,4,44,38,47,56,50,38,AMORE::train_BATCHgdwm,1.376,0.3346,0.337,0.00240000000000001,0.2785,0.7142,4,45,51,40,14,52,37,AMORE::train_BATCHgdwm,1.578,9.219,9.4697,0.2507,6.9325,27.9676,4,39,49,45,13,47,42,AMORE::train_BATCHgdwm,1.24,0.2924,0.2933,0.000900000000000012,0.2419,0.6303,4,46,36,26,30,25,30
ANN2::neuralnetwork_adam,0.218,1.798,2.0396,0.2416,1.5178,11.5812,5,15,38,37,35,37,37,ANN2::neuralnetwork_adam,0.234,0.0183,0.0201,0.0018,0.0166,0.0579,5,14,19,14,19,14,9,ANN2::neuralnetwork_adam,1.058,0.756,0.8062,0.0502,0.613,3.5492,5,27,17,13,24,16,16,ANN2::neuralnetwork_adam,0.042,3.4586,3.4861,0.0274999999999999,2.5495,13.6835,5,13,28,19,10,20,11,ANN2::neuralnetwork_adam,0.014,0.1702,0.2126,0.0424,0.1747,0.463,5,8,41,39,43,42,37,ANN2::neuralnetwork_adam,0.006,0.2762,0.3201,0.0439,0.2542,0.7372,5,9,43,37,39,37,41,ANN2::neuralnetwork_adam,0.086,3.731,4.0836,0.3526,3.233,12.0798,5,17,28,17,14,17,14,ANN2::neuralnetwork_adam,0.008,0.3082,0.3485,0.0403,0.2776,0.7493,5,9,46,46,53,45,44
ANN2::neuralnetwork_rmsprop,0.206,1.9463,2.0761,0.1298,1.524,12.6858,6,13,41,39,26,38,40,ANN2::neuralnetwork_rmsprop,0.226,0.025,0.0314,0.0064,0.0251,0.0945,6,13,24,23,29,24,18,ANN2::neuralnetwork_rmsprop,1.048,0.7045,0.859,0.1545,0.6409,2.994,6,25,15,17,39,19,5,ANN2::neuralnetwork_rmsprop,0.05,3.2991,3.3581,0.0589999999999997,2.4231,13.0278,6,18,18,8,13,11,2,ANN2::neuralnetwork_rmsprop,0.012,0.1831,0.2585,0.0754,0.2227,0.5514,6,5,44,45,52,46,53,ANN2::neuralnetwork_rmsprop,0.006,0.2467,0.3428,0.0961,0.2715,0.7616,6,10,41,43,51,46,43,ANN2::neuralnetwork_rmsprop,0.1,3.5637,4.2355,0.6718,3.2536,15.9291,6,19,22,19,23,18,25,ANN2::neuralnetwork_rmsprop,0.008,0.2904,0.2912,0.000800000000000023,0.2376,0.6015,6,10,32,23,29,20,24
ANN2::neuralnetwork_sgd,0.204,1.2208,2.0228,0.802,1.4953,8.6218,7,12,36,36,48,34,30,ANN2::neuralnetwork_sgd,0.222,0.0178,0.0185,0.000699999999999999,0.0147,0.0603,7,12,18,12,10,12,12,ANN2::neuralnetwork_sgd,1.048,0.7787,0.9097,0.131,0.6798,3.8085,7,26,21,20,36,20,20,ANN2::neuralnetwork_sgd,0.046,3.519,3.6375,0.1185,2.6189,13.449,7,15,34,26,19,25,7,ANN2::neuralnetwork_sgd,0.012,0.2518,0.2732,0.0214,0.2401,0.5272,7,6,51,53,31,56,46,ANN2::neuralnetwork_sgd,0.008,0.3493,0.3546,0.00530000000000003,0.2689,0.8481,7,12,56,53,18,42,52,ANN2::neuralnetwork_sgd,0.078,7.4578,8.3914,0.933600000000001,6.347,25.3806,7,14,42,36,30,41,41,ANN2::neuralnetwork_sgd,0.01,0.3069,0.3088,0.00190000000000001,0.2535,0.6226,7,13,45,34,31,36,29
automl::automl_train_manual_trainwgrad_adam,9.584,0.4255,0.616,0.1905,0.471,3.2585,8,52,14,17,30,17,21,automl::automl_train_manual_trainwgrad_adam,9.568,0.0277,0.0323,0.0046,0.025,0.1346,8,51,27,24,26,23,25,automl::automl_train_manual_trainwgrad_adam,9.932,0.7511,0.7995,0.0484,0.612,2.9212,8,49,16,12,22,15,3,automl::automl_train_manual_trainwgrad_adam,2.76,3.4616,3.7944,0.3328,2.7431,15.5607,8,48,29,32,42,31,47,automl::automl_train_manual_trainwgrad_adam,1.26,0.0511,0.0867,0.0356,0.0707,0.1976,8,42,11,20,40,21,14,automl::automl_train_manual_trainwgrad_adam,0.906,0.0087,0.0725,0.0638,0.0481,0.207,8,41,12,19,47,17,16,automl::automl_train_manual_trainwgrad_adam,4.952,8.1454,8.642,0.496599999999999,6.1349,30.0687,8,49,45,40,16,38,45,automl::automl_train_manual_trainwgrad_adam,1.214,0.2844,0.2895,0.00509999999999999,0.2378,0.6469,8,44,19,21,41,22,37
automl::automl_train_manual_trainwgrad_RMSprop,8.632,0.4821,0.6996,0.2175,0.5006,3.8172,9,50,21,20,32,19,22,automl::automl_train_manual_trainwgrad_RMSprop,8.55,0.0397,0.0504,0.0107,0.0399,0.2019,9,49,33,28,35,28,33,automl::automl_train_manual_trainwgrad_RMSprop,8.882,1.8225,2.5662,0.7437,2.1749,6.052,9,45,37,37,51,40,29,automl::automl_train_manual_trainwgrad_RMSprop,2.792,3.5937,3.9015,0.3078,2.7453,14.5783,9,49,37,37,38,32,33,automl::automl_train_manual_trainwgrad_RMSprop,1.104,0.1245,0.2296,0.1051,0.1669,0.5276,9,41,36,42,57,39,47,automl::automl_train_manual_trainwgrad_RMSprop,1.114,0.0479,0.0727,0.0248,0.0498,0.2335,9,44,20,20,34,19,22,automl::automl_train_manual_trainwgrad_RMSprop,4.436,3.9723,8.4113,4.439,5.6794,30.3739,9,48,31,37,56,34,48,automl::automl_train_manual_trainwgrad_RMSprop,1.09,0.2842,0.2888,0.00459999999999999,0.2403,0.6528,9,42,18,20,40,23,38
automl::automl_train_manual_trainwpso,13.696,2.7275,4.9634,2.2359,3.7904,24.2831,10,56,48,53,57,54,53,automl::automl_train_manual_trainwpso,14.836,0.1029,0.1228,0.0199,0.0976,0.3922,10,56,50,48,45,49,48,automl::automl_train_manual_trainwpso,25.376,1.8381,2.4317,0.5936,1.9867,7.8872,10,56,38,33,48,33,41,automl::automl_train_manual_trainwpso,6.73,3.7011,3.9237,0.2226,2.8771,13.9777,10,55,38,39,31,38,16,automl::automl_train_manual_trainwpso,10.432,0.2032,0.2573,0.0541,0.2232,0.524,10,56,45,44,48,47,44,automl::automl_train_manual_trainwpso,5.358,0.1052,0.1154,0.0102,0.0854,0.3281,10,55,31,26,25,27,26,automl::automl_train_manual_trainwpso,8.702,6.1384,8.6501,2.5117,6.2805,24.333,10,55,39,41,43,40,36,automl::automl_train_manual_trainwpso,4.896,0.2847,0.2878,0.00309999999999999,0.235,0.5413,10,54,20,18,36,18,1
brnn::brnn_Gauss-Newton,0.216,0.4578,1.9537,1.4959,1.4572,11.8945,11,14,18,32,54,33,38,brnn::brnn_Gauss-Newton,0.238,0.0046,0.0052,0.0006,0.0043,0.0154,11,15,2,1,9,1,1,brnn::brnn_Gauss-Newton,0.204,0.6588,0.6635,0.00469999999999993,0.51,2.9395,11,8,8,1,8,4,4,brnn::brnn_Gauss-Newton,0.02,3.4791,3.4796,0.000500000000000167,2.5068,13.7382,11,9,31,18,8,18,13,brnn::brnn_Gauss-Newton,0.02,0.0435,0.0673,0.0238,0.0522,0.1838,11,11,6,13,34,12,13,brnn::brnn_Gauss-Newton,0,0.0026,0.0034,0.0008,0.0029,0.0115,11,1,7,7,11,7,7,brnn::brnn_Gauss-Newton,0.048,2.3781,3.5508,1.1727,2.9377,10.2283,11,8,6,11,34,14,9,brnn::brnn_Gauss-Newton,0.008,0.3523,0.3523,0,0.2848,0.8271,11,11,51,47,2,47,49
CaDENCE::cadence.fit_optim,7.072,0.3277,2.5664,2.2387,1.2936,17.3208,12,46,8,43,58,31,45,CaDENCE::cadence.fit_optim,9.226,0.016,0.0863,0.0703,0.0442,0.364,12,50,14,39,58,30,43,CaDENCE::cadence.fit_optim,14.912,1.0465,1.6993,0.6528,0.8815,5.3208,12,50,30,27,50,25,27,CaDENCE::cadence.fit_optim,3.666,3.2677,3.7049,0.4372,2.6819,15.6761,12,51,17,28,50,29,48,CaDENCE::cadence.fit_optim,2.31,0.0688,0.0805,0.0117,0.0582,0.2385,12,47,21,18,21,14,22,CaDENCE::cadence.fit_optim,1.03,0.0032,0.6701,0.6669,0.3727,1.9004,12,43,9,59,59,59,59,CaDENCE::cadence.fit_optim,2.32,2.4041,3.1503,0.7462,2.3988,10.7996,12,42,7,8,26,6,10,CaDENCE::cadence.fit_optim,0.298,0.2831,0.2831,0,0.231,0.5816,12,37,14,12,3,3,19
CaDENCE::cadence.fit_psoptim,11.258,3.1663,3.6338,0.4675,2.1362,22.3798,13,54,52,49,43,46,52,CaDENCE::cadence.fit_psoptim,12.056,0.095,0.1148,0.0198,0.0739,0.4058,13,52,47,46,44,36,49,CaDENCE::cadence.fit_psoptim,14.936,2.6775,2.7432,0.0656999999999996,2.3281,8.8488,13,51,49,48,26,50,47,CaDENCE::cadence.fit_psoptim,7.65,3.7348,3.8749,0.1401,2.7851,15.8749,13,56,41,36,22,34,50,CaDENCE::cadence.fit_psoptim,5.052,0.2114,0.3238,0.1124,0.2711,0.6808,13,52,46,59,58,59,56,CaDENCE::cadence.fit_psoptim,4.512,0.4218,0.572,0.1502,0.3001,1.6829,13,52,60,58,56,57,58,CaDENCE::cadence.fit_psoptim,5.752,11.1566,15.421,4.2644,12.0091,37.0326,13,50,51,52,54,53,51,CaDENCE::cadence.fit_psoptim,4.244,0.5523,0.7577,0.2054,0.58,1.9676,13,53,55,57,57,57,57
CaDENCE::cadence.fit_Rprop,17.178,4.6664,5.7488,1.0824,3.4794,31.0108,14,58,56,54,51,53,55,CaDENCE::cadence.fit_Rprop,22.516,0.085,0.1295,0.0445,0.0858,0.5842,14,58,45,51,52,46,57,CaDENCE::cadence.fit_Rprop,36.926,1.3422,2.3133,0.9711,1.3927,8.8022,14,59,35,31,53,28,46,CaDENCE::cadence.fit_Rprop,9.946,3.7332,4.3519,0.6187,3.0787,16.5513,14,58,40,53,55,47,55,CaDENCE::cadence.fit_Rprop,5.784,0.182,0.2615,0.0795,0.2061,0.6887,14,55,43,46,54,44,57,CaDENCE::cadence.fit_Rprop,3.762,0.3995,1.129,0.7295,0.8219,2.2557,14,51,59,60,60,60,60,CaDENCE::cadence.fit_Rprop,5.81,11.7899,17.6638,5.8739,12.7742,39.4495,14,51,52,54,59,55,53,CaDENCE::cadence.fit_Rprop,2.786,0.3054,0.3248,0.0194,0.2626,0.7872,14,50,44,41,44,40,47
caret::avNNet_none,0.252,0.3175,0.3514,0.0339,0.2681,1.8536,15,18,7,2,13,2,6,caret::avNNet_none,0.288,0.0123,0.0197,0.0074,0.0162,0.0727,15,17,12,13,33,13,14,caret::avNNet_none,0.418,1.031,1.6339,0.6029,1.3615,4.7983,15,12,29,26,49,27,25,caret::avNNet_none,0.042,3.2329,3.3749,0.142,2.3825,12.7439,15,14,11,10,23,9,1,caret::avNNet_none,0.024,0.0512,0.0558,0.0046,0.0454,0.1561,15,15,12,6,13,6,11,caret::avNNet_none,0.018,0.0262,0.0359,0.0097,0.0282,0.1115,15,18,16,12,24,12,12,caret::avNNet_none,0.086,2.424,3.2653,0.8413,2.6499,9.8629,15,18,8,9,28,9,8,caret::avNNet_none,0.01,0.2904,0.2946,0.00419999999999998,0.2437,0.6434,15,14,33,31,38,29,34
deepdive::deepnet_adam,0.738,3.0971,3.0971,0,2.064,18.6373,16,28,50,45,1,45,49,deepdive::deepnet_adam,0.768,0.0875,0.0875,0,0.0764,0.2699,16,28,46,40,1,42,41,deepdive::deepnet_adam,0.902,2.5913,2.5913,0,2.0819,10.0604,16,23,44,40,1,37,51,deepdive::deepnet_adam,0.638,3.7605,3.7605,0,2.6651,15.3279,16,34,43,29,1,26,42,deepdive::deepnet_adam,0.572,0.3189,0.3189,0,0.2113,0.7209,16,35,60,58,1,45,59,deepdive::deepnet_adam,0.564,0.0304,0.0304,0,0.0265,0.0644,16,37,17,11,1,11,11,deepdive::deepnet_adam,0.618,16.8843,16.8843,0,11.6361,46.6218,16,33,54,53,1,52,54,deepdive::deepnet_adam,0.562,0.2946,0.2946,0,0.2459,0.5582,16,39,39,32,4,33,4
deepdive::deepnet_gradientDescent,7.266,4.431,4.431,0,3.2628,20.7622,17,47,55,52,2,52,51,deepdive::deepnet_gradientDescent,7.642,0.1474,0.1474,0,0.1154,0.4581,17,47,56,53,2,54,51,deepdive::deepnet_gradientDescent,9.062,3.0218,3.0218,0,2.494,10.236,17,46,55,54,2,54,53,deepdive::deepnet_gradientDescent,5.964,4.1805,4.1805,0,3.1843,14.4946,17,53,54,50,2,52,31,deepdive::deepnet_gradientDescent,5.326,0.2699,0.2699,0,0.2369,0.5509,17,53,59,52,2,54,51,deepdive::deepnet_gradientDescent,5.162,0.3429,0.3429,0,0.2801,0.7346,17,54,54,44,2,54,40,deepdive::deepnet_gradientDescent,5.934,28.8118,28.8118,0,25.177,67.7823,17,52,60,59,2,59,58,deepdive::deepnet_gradientDescent,5.16,0.3666,0.3666,0,0.3105,0.6748,17,55,53,50,5,50,39
deepdive::deepnet_momentum,7.434,4.199,4.199,0,3.1011,18.5512,18,48,54,51,3,51,48,deepdive::deepnet_momentum,7.848,0.1363,0.1363,0,0.1061,0.486,18,48,54,52,3,52,52,deepdive::deepnet_momentum,9.22,2.5791,2.5791,0,2.0107,8.7569,18,47,43,39,3,34,45,deepdive::deepnet_momentum,6.09,3.8424,3.8424,0,2.7879,15.0474,18,54,47,34,3,35,38,deepdive::deepnet_momentum,5.46,0.2656,0.2656,0,0.2355,0.5269,18,54,58,51,3,52,45,deepdive::deepnet_momentum,5.46,0.3429,0.3429,0,0.2801,0.7341,18,56,55,45,3,55,39,deepdive::deepnet_momentum,6.176,28.8104,28.8104,0,25.1756,67.802,18,53,59,58,3,58,59,deepdive::deepnet_momentum,5.348,0.3544,0.3544,0,0.3001,0.6152,18,56,52,48,6,48,27
deepdive::deepnet_rmsProp,0.758,2.7205,2.7205,0,1.8705,16.178,19,29,47,44,4,44,43,deepdive::deepnet_rmsProp,0.772,0.1287,0.1287,0,0.099,0.4133,19,29,53,50,4,50,50,deepdive::deepnet_rmsProp,0.892,2.6728,2.6728,0,2.306,7.1452,19,22,48,44,4,47,36,deepdive::deepnet_rmsProp,0.638,4.0384,4.0384,0,3.029,15.7099,19,35,52,45,4,45,49,deepdive::deepnet_rmsProp,0.558,0.2252,0.2252,0,0.158,0.5513,19,34,48,41,4,38,52,deepdive::deepnet_rmsProp,0.566,0.1184,0.1184,0,0.0878,0.3446,19,38,33,27,4,28,29,deepdive::deepnet_rmsProp,0.62,18.3426,18.3426,0,12.6957,49.5614,19,34,55,55,4,54,55,deepdive::deepnet_rmsProp,0.552,0.3161,0.3161,0,0.2695,0.5981,19,38,49,37,7,42,23
deepnet::nn.train_BP,0.648,0.5308,0.6403,0.1095,0.5135,2.7237,20,23,23,18,21,20,16,deepnet::nn.train_BP,0.664,0.0396,0.0967,0.0571,0.0838,0.2139,20,21,32,42,55,45,36,deepnet::nn.train_BP,0.77,1.0536,1.4687,0.4151,1.019,6.8677,20,16,31,25,47,26,33,deepnet::nn.train_BP,0.206,3.4561,3.874,0.4179,2.9819,15.8992,20,26,27,35,49,44,51,deepnet::nn.train_BP,0.092,0.0563,0.0608,0.0045,0.049,0.1446,20,24,16,8,11,10,10,deepnet::nn.train_BP,0.084,0.0139,0.0704,0.0565,0.0451,0.2219,20,27,15,17,44,16,20,deepnet::nn.train_BP,0.32,3.4032,6.483,3.0798,4.8425,17.3581,20,27,20,29,49,30,27,deepnet::nn.train_BP,0.084,0.283,0.283,0,0.2314,0.5653,20,28,9,7,8,14,6
elmNNRcpp::elm_train_extremeML,0.004,7.3193,7.6899,0.3706,5.9574,32.3344,21,1,59,57,39,56,57,elmNNRcpp::elm_train_extremeML,0,0.1516,0.1734,0.0218,0.1379,0.5055,21,1,57,56,46,55,53,elmNNRcpp::elm_train_extremeML,0,3.0949,3.259,0.1641,2.6511,11.3823,21,1,56,55,41,55,55,elmNNRcpp::elm_train_extremeML,0,16.4917,18.7626,2.2709,15.3993,53.2953,21,1,60,60,59,60,60,elmNNRcpp::elm_train_extremeML,0,0.2589,0.2648,0.00589999999999996,0.2308,0.5419,21,1,55,50,15,48,50,elmNNRcpp::elm_train_extremeML,0,0.3407,0.4066,0.0659,0.2973,1.0342,21,2,53,56,48,56,56,elmNNRcpp::elm_train_extremeML,0,20.3911,23.5586,3.1675,20.1337,51.5475,21,1,56,56,50,57,56,elmNNRcpp::elm_train_extremeML,0,0.865,0.9526,0.0876,0.7905,2.2943,21,1,58,58,56,58,58
ELMR::OSelm_train.formula_extremeML,0.018,6.3469,7.231,0.8841,5.5344,32.0052,22,2,57,55,49,55,56,ELMR::OSelm_train.formula_extremeML,0.008,0.1677,0.1924,0.0247,0.1538,0.5716,22,2,59,57,48,57,56,ELMR::OSelm_train.formula_extremeML,0.008,3.2348,3.284,0.0491999999999999,2.6674,12.016,22,2,57,56,23,56,56,ELMR::OSelm_train.formula_extremeML,0,9.4764,15.5973,6.1209,12.5855,41.9893,22,2,59,59,60,59,59,ELMR::OSelm_train.formula_extremeML,0,0.2613,0.2735,0.0122,0.2358,0.5366,22,2,57,54,22,53,49,ELMR::OSelm_train.formula_extremeML,0,0.3987,0.4505,0.0518,0.3027,1.1845,22,3,58,57,41,58,57,ELMR::OSelm_train.formula_extremeML,0.014,27.8077,31.2976,3.4899,25.2946,82.5683,22,2,58,60,51,60,60,ELMR::OSelm_train.formula_extremeML,0,0.9735,1.0466,0.0730999999999999,0.864,2.4817,22,2,59,59,55,59,59
EnsembleBase::Regression.Batch.Fit_none,0.026,0.877,13.9426,13.0656,11.3013,47.5398,23,3,34,60,60,60,60,EnsembleBase::Regression.Batch.Fit_none,0.092,0.0245,0.0262,0.0017,0.0181,0.1321,23,3,23,18,17,16,23,EnsembleBase::Regression.Batch.Fit_none,0.132,0.6342,0.8141,0.1799,0.5735,3.9523,23,3,4,15,43,11,22,EnsembleBase::Regression.Batch.Fit_none,0.016,3.074,3.438,0.364,2.4557,13.5954,23,7,1,14,45,12,9,EnsembleBase::Regression.Batch.Fit_none,0.006,0.0618,0.0638,0.00199999999999999,0.0504,0.1716,23,3,18,11,9,11,12,EnsembleBase::Regression.Batch.Fit_none,0.002,0.0922,0.1151,0.0229,0.0834,0.3335,23,6,29,25,32,25,28,EnsembleBase::Regression.Batch.Fit_none,0.03,2.7901,3.8821,1.092,3.0341,11.9878,23,6,12,14,32,15,13,EnsembleBase::Regression.Batch.Fit_none,0.012,0.2826,0.2831,0.0005,0.2326,0.5543,23,18,1,11,25,15,3
h2o::h2o.deeplearning_first-order,6.274,0.3696,0.3789,0.00930000000000003,0.2948,1.3228,24,42,10,3,9,3,2,h2o::h2o.deeplearning_first-order,6.046,0.0225,0.0261,0.0036,0.0204,0.0902,24,43,22,17,24,18,17,h2o::h2o.deeplearning_first-order,6.462,0.8347,0.8467,0.012,0.6295,3.6234,24,43,24,16,10,17,18,h2o::h2o.deeplearning_first-order,4.408,3.2514,3.5349,0.2835,2.55,14.8677,24,52,15,20,36,21,37,h2o::h2o.deeplearning_first-order,3.342,0.0474,0.0482,0.000800000000000002,0.0394,0.1126,24,50,8,4,7,5,4,h2o::h2o.deeplearning_first-order,3.334,0.0131,0.0146,0.0015,0.0112,0.0432,24,50,14,10,13,10,10,h2o::h2o.deeplearning_first-order,4.394,2.8574,3.4454,0.588,2.7928,11.6466,24,47,13,10,19,12,12,h2o::h2o.deeplearning_first-order,3.344,0.2831,0.2832,0.000099999999999989,0.2331,0.5539,24,51,15,13,22,16,2
keras::fit_adadelta,29.372,2.0733,2.308,0.2347,1.589,13.708,25,60,44,42,34,41,42,keras::fit_adadelta,29.424,0.0257,0.0267,0.001,0.0211,0.0948,25,60,25,20,12,21,19,keras::fit_adadelta,31.676,2.4074,2.6007,0.1933,2.2281,6.9184,25,57,39,41,44,44,34,keras::fit_adadelta,7.872,3.8172,3.9063,0.0890999999999997,2.9028,14.4159,25,57,45,38,16,40,27,keras::fit_adadelta,26.68,0.1746,0.1792,0.00459999999999999,0.1379,0.4116,25,58,42,35,12,32,32,keras::fit_adadelta,10.958,0.2178,0.3498,0.132,0.2655,0.804,25,58,40,50,53,40,50,keras::fit_adadelta,51.048,3.8515,3.8918,0.0402999999999998,2.8916,15.271,25,60,29,15,8,13,22,keras::fit_adadelta,19.378,0.2871,0.2879,0.000799999999999967,0.2377,0.5887,25,59,27,19,28,21,21
keras::fit_adagrad,18.384,1.5412,2.2114,0.6702,1.5982,12.7204,26,59,37,40,46,42,41,keras::fit_adagrad,14.836,0.0296,0.0842,0.0546,0.0747,0.2012,26,57,28,37,54,37,32,keras::fit_adagrad,31.856,0.8522,2.5746,1.7224,2.1958,6.9534,26,58,26,38,59,43,35,keras::fit_adagrad,3.186,3.8952,3.9503,0.0550999999999999,2.9457,13.8555,26,50,49,42,12,43,14,keras::fit_adagrad,13.616,0.1597,0.1792,0.0195,0.1379,0.4143,26,57,39,34,28,33,33,keras::fit_adagrad,5.918,0.163,0.3528,0.1898,0.2697,0.8045,26,57,35,52,58,43,51,keras::fit_adagrad,31.862,5.0447,8.881,3.8363,6.5481,25.2992,26,58,37,43,53,43,40,keras::fit_adagrad,13.868,0.2893,0.2936,0.00430000000000003,0.2429,0.5637,26,58,29,29,39,28,5
keras::fit_adam,2.068,0.7615,1.0487,0.2872,0.7949,6.3699,27,37,32,25,37,25,25,keras::fit_adam,2.16,0.0636,0.0774,0.0138,0.0612,0.2686,27,34,41,33,38,35,40,keras::fit_adam,2.796,0.9777,1.0728,0.0951,0.7886,4.0357,27,37,28,23,33,23,23,keras::fit_adam,1.43,3.9276,4.1763,0.2487,3.1624,14.422,27,40,51,49,34,50,28,keras::fit_adam,2.338,0.0963,0.1767,0.0804,0.1397,0.4913,27,48,30,32,55,35,39,keras::fit_adam,2.808,0.0706,0.0897,0.0191,0.069,0.2075,27,49,23,23,30,23,18,keras::fit_adam,3.046,3.9732,6.7909,2.8177,5.1083,18.939,27,43,32,32,47,31,29,keras::fit_adam,1.32,0.2869,0.2875,0.000599999999999989,0.234,0.5886,27,47,26,17,26,17,20
keras::fit_adamax,4.386,0.6492,0.6952,0.046,0.5462,4.1959,28,41,30,19,16,22,23,keras::fit_adamax,4.326,0.0326,0.0395,0.0069,0.0319,0.114,28,40,30,25,31,25,22,keras::fit_adamax,5.302,0.8307,0.8615,0.0308,0.6388,3.6379,28,41,23,18,14,18,19,keras::fit_adamax,2.194,3.7083,3.9479,0.2396,2.916,15.5093,28,46,39,41,33,41,44,keras::fit_adamax,3.696,0.1082,0.1728,0.0646,0.1393,0.3885,28,51,32,31,50,34,31,keras::fit_adamax,5.074,0.0365,0.0487,0.0122,0.0404,0.1489,28,53,19,13,26,13,13,keras::fit_adamax,6.844,3.8559,4.2292,0.3733,3.318,12.7852,28,54,30,18,15,19,16,keras::fit_adamax,2.502,0.2841,0.2864,0.00229999999999997,0.2366,0.5789,28,49,17,16,34,19,17
keras::fit_nadam,3.422,1.0271,1.2485,0.2214,0.9787,4.979,29,39,35,27,33,27,24,keras::fit_nadam,2.482,0.0732,0.0992,0.026,0.0817,0.3144,29,36,43,43,49,43,42,keras::fit_nadam,3.264,1.08,2.7592,1.6792,2.3587,8.0273,29,38,32,49,58,51,43,keras::fit_nadam,1.434,4.1342,4.5026,0.3684,3.4678,16.1957,29,41,53,55,46,55,52,keras::fit_nadam,2.46,0.1201,0.1884,0.0683,0.1486,0.5214,29,49,35,36,51,36,43,keras::fit_nadam,2.082,0.0648,0.155,0.0902,0.1179,0.397,29,47,22,30,50,30,31,keras::fit_nadam,3.374,4.2819,7.1607,2.8788,5.6164,19.4085,29,45,34,33,48,33,31,keras::fit_nadam,1.518,0.2855,0.2896,0.00410000000000005,0.2437,0.6055,29,48,24,22,37,30,25
keras::fit_rmsprop,1.836,2.678,3.2516,0.5736,2.3382,16.3052,30,34,46,46,45,47,44,keras::fit_rmsprop,2.24,0.101,0.1147,0.0137,0.086,0.3822,30,35,49,45,37,47,47,keras::fit_rmsprop,1.924,2.8335,3.0118,0.1783,2.455,9.4367,30,32,53,53,42,52,49,keras::fit_rmsprop,0.996,4.5931,6.6007,2.0076,5.4044,17.161,30,38,56,56,58,56,56,keras::fit_rmsprop,1.744,0.1629,0.2166,0.0537,0.1697,0.5175,30,45,40,40,47,41,42,keras::fit_rmsprop,0.942,0.3101,0.3622,0.0521,0.2798,0.9265,30,42,46,54,42,53,55,keras::fit_rmsprop,2.276,8.1016,10.2651,2.1635,7.5917,28.4689,30,41,44,48,41,49,43,keras::fit_rmsprop,1.108,0.3042,0.3629,0.0587,0.3049,0.7486,30,43,43,49,54,49,43
keras::fit_sgd,8.816,0.5726,2.3026,1.73,1.6878,10.2998,31,51,26,41,56,43,35,keras::fit_sgd,4.136,0.0365,0.0527,0.0162,0.0403,0.1922,31,39,31,29,41,29,31,keras::fit_sgd,2.788,2.7076,2.7302,0.0226000000000002,2.3252,7.5362,31,36,50,47,12,48,39,keras::fit_sgd,2.398,3.7419,4.2292,0.4873,3.1633,15.5181,31,47,42,52,52,51,46,keras::fit_sgd,1.868,0.2431,0.3056,0.0625,0.2606,0.6923,31,46,50,57,49,58,58,keras::fit_sgd,2.312,0.3373,0.345,0.00769999999999998,0.2698,0.7744,31,48,52,47,23,44,46,keras::fit_sgd,9.784,5.1907,8.8123,3.6216,6.48,24.851,31,56,38,42,52,42,38,keras::fit_sgd,3.468,0.2901,0.2922,0.00209999999999999,0.241,0.5769,31,52,31,24,32,24,16
MachineShop::fit_none,0.076,0.257,1.2314,0.9744,0.9854,8.0327,32,4,3,26,50,28,29,MachineShop::fit_none,0.106,0.0085,0.0116,0.0031,0.0092,0.036,32,7,4,6,22,6,4,MachineShop::fit_none,0.152,0.6685,2.1956,1.5271,1.7857,5.3089,32,4,10,29,56,30,26,MachineShop::fit_none,0.014,3.1772,3.4737,0.2965,2.4888,13.8862,32,5,7,17,37,16,15,MachineShop::fit_none,0.012,0.0406,0.0494,0.0088,0.0374,0.1288,32,7,3,5,19,4,6,MachineShop::fit_none,0.01,0.0023,0.0034,0.0011,0.0028,0.0102,32,14,6,6,12,6,6,MachineShop::fit_none,0.024,2.5986,3.121,0.5224,2.4847,9.3644,32,4,10,7,18,8,6,MachineShop::fit_none,0.01,0.283,0.283,0,0.2313,0.5675,32,15,6,5,9,5,7
minpack.lm::nlsLM_none,0.242,0.6081,0.6081,0,0.4989,1.9776,33,16,28,16,5,18,8,minpack.lm::nlsLM_none,0.38,0.1269,0.1269,0,0.1009,0.3714,33,19,52,49,5,51,45,minpack.lm::nlsLM_none,0.94,2.5379,2.5379,0,2.0524,7.6035,33,24,42,35,5,35,40,minpack.lm::nlsLM_none,0.068,3.4318,3.4318,0,2.4646,13.2825,33,20,24,12,5,15,4,minpack.lm::nlsLM_none,0.024,0.0427,0.0427,0,0.0333,0.1058,33,16,4,1,5,1,1,minpack.lm::nlsLM_none,0,0,0,0,0,0.0001,33,4,1,1,5,1,1,minpack.lm::nlsLM_none,0.05,2.9795,2.9795,0,2.389,9.054,33,9,14,5,5,5,4,minpack.lm::nlsLM_none,0.004,1.272,1.272,0,1.1104,2.515,33,6,60,60,10,60,60
monmlp::monmlp.fit_BFGS,0.298,0.3732,0.4512,0.078,0.338,1.8359,34,19,11,8,18,8,5,monmlp::monmlp.fit_BFGS,0.308,0.0132,0.0139,0.000699999999999999,0.011,0.0465,34,18,13,8,11,9,8,monmlp::monmlp.fit_BFGS,0.46,0.8185,0.9739,0.1554,0.7577,3.6164,34,15,22,21,40,22,17,monmlp::monmlp.fit_BFGS,0.224,3.236,3.2363,0.000299999999999745,2.2071,14.2052,34,29,12,4,7,4,20,monmlp::monmlp.fit_BFGS,0.21,0.0522,0.0796,0.0274,0.0625,0.228,34,30,13,17,37,19,21,monmlp::monmlp.fit_BFGS,0.19,0.0323,0.0541,0.0218,0.0434,0.1524,34,33,18,14,31,14,14,monmlp::monmlp.fit_BFGS,0.224,3.0438,4.6769,1.6331,3.6151,13.7834,34,23,15,23,39,23,18,monmlp::monmlp.fit_BFGS,0.194,0.2831,0.2834,0.000299999999999967,0.2312,0.581,34,34,13,14,23,4,18
monmlp::monmlp.fit_Nelder-Mead,1.1,3.0247,3.4557,0.431,2.5277,18.0917,35,30,49,47,41,48,47,monmlp::monmlp.fit_Nelder-Mead,1.084,0.1155,0.1219,0.00639999999999999,0.096,0.3777,35,30,51,47,28,48,46,monmlp::monmlp.fit_Nelder-Mead,1.6,2.7368,2.8463,0.1095,2.3257,8.7509,35,31,51,51,34,49,44,monmlp::monmlp.fit_Nelder-Mead,0.544,3.771,4.1087,0.3377,3.0462,15.0511,35,33,44,47,43,46,39,monmlp::monmlp.fit_Nelder-Mead,0.37,0.1342,0.178,0.0438,0.1371,0.4534,35,32,37,33,44,31,36,monmlp::monmlp.fit_Nelder-Mead,0.27,0.1425,0.2017,0.0592,0.1653,0.4572,35,34,34,32,46,33,32,monmlp::monmlp.fit_Nelder-Mead,0.412,8.2728,9.5898,1.317,6.7817,30.1673,35,31,46,46,35,45,47,monmlp::monmlp.fit_Nelder-Mead,0.224,0.302,0.3266,0.0246,0.2601,0.6451,35,36,42,42,45,38,36
neuralnet::neuralnet_backprop,14.2,8.1656,8.1656,0,6.5262,36.2385,36,57,60,59,6,58,58,neuralnet::neuralnet_backprop,14.676,0.2348,0.2348,0,0.188,0.6346,36,55,60,60,6,58,58,neuralnet::neuralnet_backprop,23.958,3.6898,3.6898,0,2.9776,13.1137,36,53,59,59,6,58,57,neuralnet::neuralnet_backprop,0.104,3.8593,4.2101,0.3508,3.1568,14.389,36,21,48,51,44,49,25,neuralnet::neuralnet_backprop,0.372,0.1091,0.1355,0.0264,0.1084,0.3411,36,33,33,30,35,30,30,neuralnet::neuralnet_backprop,0.04,0.3201,0.3503,0.0302,0.2743,0.7831,36,22,49,51,36,50,48,neuralnet::neuralnet_backprop,0.866,4.2479,4.3983,0.1504,3.4494,12.7619,36,37,33,20,9,20,15,neuralnet::neuralnet_backprop,0.152,0.2898,0.2926,0.00280000000000002,0.2423,0.5889,36,32,30,25,35,27,22
neuralnet::neuralnet_rprop-,6.318,0.5338,2.0473,1.5135,1.4437,12.5391,37,43,24,38,55,32,39,neuralnet::neuralnet_rprop-,5.058,0.0095,0.011,0.0015,0.0085,0.0412,37,41,7,4,14,4,7,neuralnet::neuralnet_rprop-,1.954,0.6728,0.7126,0.0398000000000001,0.5316,2.8674,37,33,11,5,18,7,2,neuralnet::neuralnet_rprop-,0.01,3.4657,3.9379,0.4722,2.8577,15.5126,37,3,30,40,51,37,45,neuralnet::neuralnet_rprop-,0.062,0.0955,0.1186,0.0231,0.092,0.2812,37,20,29,27,32,26,27,neuralnet::neuralnet_rprop-,0.008,0.1014,0.2856,0.1842,0.2227,0.7157,37,13,30,36,57,36,38,neuralnet::neuralnet_rprop-,0.08,3.5904,4.402,0.8116,3.4777,14.156,37,15,25,21,27,21,19,neuralnet::neuralnet_rprop-,0.01,0.2864,0.2935,0.0071,0.248,0.6059,37,16,25,27,42,34,26
neuralnet::neuralnet_rprop+,3.836,0.4859,0.5467,0.0608,0.4149,2.341,38,40,22,12,17,12,13,neuralnet::neuralnet_rprop+,5.862,0.0102,0.0106,0.000399999999999999,0.0083,0.0356,38,42,9,3,8,3,3,neuralnet::neuralnet_rprop+,4.596,0.5788,0.665,0.0862000000000001,0.5052,2.7746,38,39,3,2,30,3,1,neuralnet::neuralnet_rprop+,0.018,3.4475,3.9946,0.5471,2.806,16.5481,38,8,26,44,53,36,54,neuralnet::neuralnet_rprop+,0.036,0.1077,0.1207,0.013,0.0926,0.2648,38,18,31,28,24,27,26,neuralnet::neuralnet_rprop+,0.004,0.2119,0.3475,0.1356,0.2662,0.791,38,7,38,48,54,41,49,neuralnet::neuralnet_rprop+,0.064,3.6133,8.6404,5.0271,6.1594,25.2448,38,12,27,39,57,39,39,neuralnet::neuralnet_rprop+,0,0.2848,0.3165,0.0317,0.2586,0.6196,38,3,21,38,50,37,28
neuralnet::neuralnet_sag,12.916,2.1196,8.1656,6.046,6.5262,36.2385,39,55,45,58,59,59,59,neuralnet::neuralnet_sag,13.202,0.0806,0.2348,0.1542,0.188,0.6346,39,54,44,59,59,59,59,neuralnet::neuralnet_sag,25.218,3.6898,3.6898,0,2.9776,13.1137,39,55,60,60,7,59,58,neuralnet::neuralnet_sag,0.874,3.3829,3.7868,0.4039,2.6065,16.3454,39,36,23,31,47,24,53,neuralnet::neuralnet_sag,0.95,0.0811,0.116,0.0349,0.0943,0.296,39,40,26,26,39,28,28,neuralnet::neuralnet_sag,0.048,0.1963,0.3371,0.1408,0.2652,0.751,39,23,37,41,55,39,42,neuralnet::neuralnet_sag,1.916,3.3723,8.639,5.2667,6.1167,24.7388,39,40,19,38,58,37,37,neuralnet::neuralnet_sag,0.056,0.2893,0.3212,0.0319,0.2638,0.6316,39,22,28,40,51,41,32
neuralnet::neuralnet_slr,6.914,0.5494,0.5688,0.0194,0.4293,2.4012,40,45,25,14,11,14,14,neuralnet::neuralnet_slr,12.928,0.069,0.2348,0.1658,0.188,0.6346,40,53,42,58,60,60,60,neuralnet::neuralnet_slr,24.586,0.6816,3.6898,3.0082,2.9776,13.1137,40,54,12,58,60,60,59,neuralnet::neuralnet_slr,0.026,3.8201,3.9883,0.1682,2.9187,15.3885,40,11,46,43,24,42,43,neuralnet::neuralnet_slr,0.092,0.084,0.1039,0.0199,0.0866,0.2554,40,25,28,25,29,25,24,neuralnet::neuralnet_slr,0.012,0.2981,0.345,0.0469,0.273,0.7821,40,15,45,46,40,48,47,neuralnet::neuralnet_slr,0.19,3.5678,3.7435,0.1757,2.7163,14.9299,40,21,23,12,10,11,20,neuralnet::neuralnet_slr,0.052,0.2923,0.3203,0.028,0.2607,0.8073,40,21,35,39,47,39,48
nlsr::nlxb_none,0.522,0.14,0.45,0.31,0.3497,2.7841,41,21,1,7,38,9,17,nlsr::nlxb_none,0.762,0.0045,0.0061,0.0016,0.0048,0.0196,41,27,1,2,15,2,2,nlsr::nlxb_none,1.47,0.6602,2.2311,1.5709,1.8053,5.7864,41,30,9,30,57,31,28,nlsr::nlxb_none,0.116,3.1128,3.4349,0.3221,2.4566,14.5501,41,22,5,13,39,13,32,nlsr::nlxb_none,0.036,0.0427,0.0427,0,0.0333,0.1058,41,19,5,2,6,2,2,nlsr::nlxb_none,0.014,0,0,0,0,0.0001,41,17,2,2,6,2,2,nlsr::nlxb_none,0.118,2.3327,2.9754,0.6427,2.3838,9.0619,41,20,1,4,22,4,5,nlsr::nlxb_none,0.008,0.283,0.283,0,0.2313,0.5675,41,12,5,4,11,6,8
nnet::nnet_none,0.078,0.265,0.4735,0.2085,0.3557,2.0121,42,5,5,10,31,10,10,nnet::nnet_none,0.102,0.0091,0.012,0.0029,0.0094,0.0404,42,5,5,7,21,7,6,nnet::nnet_none,0.152,0.5462,0.6959,0.1497,0.5147,3.0034,42,5,2,4,38,5,8,nnet::nnet_none,0.012,3.0865,3.2253,0.1388,2.2336,13.9974,42,4,2,2,21,5,18,nnet::nnet_none,0.008,0.0602,0.0615,0.0013,0.0489,0.1408,42,4,17,10,8,9,8,nnet::nnet_none,0.004,0.0026,0.0716,0.069,0.0449,0.2254,42,8,8,18,49,15,21,nnet::nnet_none,0.026,2.3625,3.0894,0.7269,2.4567,9.4881,42,5,4,6,25,7,7,nnet::nnet_none,0,0.283,0.283,0,0.2313,0.5675,42,4,2,1,12,7,9
qrnn::qrnn.fit_none,0.518,0.3632,0.7514,0.3882,0.4482,6.6249,43,20,9,22,40,15,26,qrnn::qrnn.fit_none,0.578,0.0105,0.0296,0.0191,0.019,0.133,43,20,10,21,43,17,24,qrnn::qrnn.fit_none,1.122,0.7656,0.7907,0.0251,0.4951,4.0838,43,28,18,11,13,1,24,qrnn::qrnn.fit_none,0.18,3.2636,3.454,0.1904,2.1362,15.284,43,24,16,16,28,1,41,qrnn::qrnn.fit_none,0.214,0.0511,0.0821,0.031,0.0598,0.2411,43,31,10,19,38,15,23,qrnn::qrnn.fit_none,0.128,0.2781,0.2841,0.00600000000000001,0.1815,0.9095,43,31,44,35,19,34,54,qrnn::qrnn.fit_none,0.248,2.6571,3.7782,1.1211,2.6654,16.0998,43,24,11,13,33,10,26,qrnn::qrnn.fit_none,0.094,0.2939,0.2939,0,0.2258,0.7231,43,29,38,30,13,1,41
radiant.model::nn_none,0.112,0.2621,0.5412,0.2791,0.4096,2.1475,44,7,4,11,36,11,12,radiant.model::nn_none,0.122,0.0084,0.015,0.0066,0.0106,0.0664,44,8,3,9,30,8,13,radiant.model::nn_none,0.172,0.4934,0.7868,0.2934,0.5896,3.125,44,7,1,10,46,12,10,radiant.model::nn_none,0.05,3.1803,3.3593,0.179,2.459,13.9894,44,19,8,9,26,14,17,radiant.model::nn_none,0.022,0.0647,0.0771,0.0124,0.0602,0.2202,44,14,20,14,23,16,20,radiant.model::nn_none,0.022,0.0121,0.0682,0.0561,0.0555,0.1546,44,20,13,15,43,20,15,radiant.model::nn_none,0.056,2.5784,4.5795,2.0011,3.7498,11.3454,44,11,9,22,40,25,11,radiant.model::nn_none,0.01,0.283,0.283,0,0.2313,0.5677,44,17,7,6,14,8,15
rminer::fit_none,0.248,0.2335,0.3147,0.0812,0.2456,1.2905,45,17,2,1,20,1,1,rminer::fit_none,0.286,0.0095,0.0112,0.0017,0.0088,0.0373,45,16,6,5,18,5,5,rminer::fit_none,0.446,0.649,0.6668,0.0177999999999999,0.5016,3.0019,45,14,7,3,11,2,7,rminer::fit_none,0.048,3.1128,3.1819,0.0691000000000002,2.187,13.5191,45,16,4,1,15,3,8,rminer::fit_none,0.016,0.0405,0.0579,0.0174,0.0479,0.1065,45,9,1,7,27,8,3,rminer::fit_none,0.012,0.002,0.0023,0.0003,0.0018,0.0057,45,16,4,4,9,3,3,rminer::fit_none,0.082,2.3604,2.369,0.00860000000000039,1.863,7.5477,45,16,3,2,7,1,2,rminer::fit_none,0.004,0.283,0.283,0,0.2313,0.5675,45,7,4,3,15,9,10
RSNNS::mlp_BackpropBatch,6.752,1.9746,2.017,0.0424,1.5451,10.0256,46,44,42,35,15,39,34,RSNNS::mlp_BackpropBatch,6.886,0.0434,0.0851,0.0417,0.0754,0.2084,46,45,36,38,51,40,34,RSNNS::mlp_BackpropBatch,8.542,2.6668,2.6742,0.00740000000000007,2.3004,7.1688,46,44,47,45,9,46,37,RSNNS::mlp_BackpropBatch,2.068,3.5172,3.689,0.1718,2.741,14.2974,46,44,33,27,25,30,21,RSNNS::mlp_BackpropBatch,0.87,0.2601,0.2736,0.0135,0.2371,0.6099,46,38,56,55,25,55,54,RSNNS::mlp_BackpropBatch,0.812,0.312,0.3387,0.0267,0.2647,0.7662,46,39,47,42,35,38,44,RSNNS::mlp_BackpropBatch,3.266,12.1638,14.7088,2.545,11.5655,30.3793,46,44,53,51,44,50,49,RSNNS::mlp_BackpropBatch,0.788,0.6867,0.6888,0.00209999999999999,0.5629,1.6534,46,41,57,56,33,56,55
RSNNS::mlp_BackpropChunk,0.702,0.5892,0.7126,0.1234,0.5252,2.8993,47,27,27,21,24,21,18,RSNNS::mlp_BackpropChunk,0.732,0.0541,0.0657,0.0116,0.0532,0.2284,47,26,39,31,36,33,38,RSNNS::mlp_BackpropChunk,0.816,1.3784,2.6226,1.2442,2.0664,8.9928,47,18,36,42,55,36,48,RSNNS::mlp_BackpropChunk,0.212,3.5933,3.8022,0.2089,2.783,14.4056,47,28,36,33,29,33,26,RSNNS::mlp_BackpropChunk,0.09,0.0829,0.0892,0.0063,0.0732,0.2035,47,22,27,22,16,23,16,RSNNS::mlp_BackpropChunk,0.088,0.0838,0.1275,0.0437,0.0822,0.3313,47,28,27,29,38,24,27,RSNNS::mlp_BackpropChunk,0.332,3.2955,4.7181,1.4226,3.6073,15.4886,47,29,17,24,37,22,23,RSNNS::mlp_BackpropChunk,0.074,0.2912,0.6365,0.3453,0.5156,1.6363,47,23,34,53,60,53,54
RSNNS::mlp_BackpropMomentum,0.688,0.6547,0.7744,0.1197,0.5909,3.1612,48,25,31,24,22,24,20,RSNNS::mlp_BackpropMomentum,0.706,0.0558,0.0789,0.0231,0.0582,0.259,48,23,40,34,47,34,39,RSNNS::mlp_BackpropMomentum,0.822,2.6138,2.6595,0.0457000000000001,2.1268,10.0368,48,19,46,43,21,38,50,RSNNS::mlp_BackpropMomentum,0.21,3.4853,4.0633,0.578,3.1325,14.3828,48,27,32,46,54,48,24,RSNNS::mlp_BackpropMomentum,0.092,0.0752,0.0964,0.0212,0.0786,0.2134,48,26,23,24,30,24,19,RSNNS::mlp_BackpropMomentum,0.08,0.0719,0.0795,0.0076,0.0606,0.207,48,25,24,21,22,21,17,RSNNS::mlp_BackpropMomentum,0.352,3.3532,4.815,1.4618,3.7195,15.6644,48,30,18,25,38,24,24,RSNNS::mlp_BackpropMomentum,0.074,0.2968,0.3315,0.0347,0.2742,0.7631,48,24,41,43,52,43,45
RSNNS::mlp_BackpropWeightDecay,0.654,0.6328,0.7698,0.137,0.5856,3.0364,49,24,29,23,27,23,19,RSNNS::mlp_BackpropWeightDecay,0.726,0.0429,0.0595,0.0166,0.0488,0.1832,49,25,35,30,42,31,30,RSNNS::mlp_BackpropWeightDecay,0.854,1.2711,2.0728,0.8017,1.5275,7.9148,49,21,33,28,52,29,42,RSNNS::mlp_BackpropWeightDecay,0.246,3.4319,3.7632,0.3313,2.89,14.3467,49,31,25,30,40,39,23,RSNNS::mlp_BackpropWeightDecay,0.094,0.0799,0.0888,0.00890000000000001,0.0704,0.2063,49,27,25,21,20,20,17,RSNNS::mlp_BackpropWeightDecay,0.09,0.0797,0.0849,0.00520000000000001,0.0657,0.2541,49,29,25,22,17,22,24,RSNNS::mlp_BackpropWeightDecay,0.32,4.5703,6.739,2.1687,5.5508,19.8255,49,28,36,31,42,32,32,RSNNS::mlp_BackpropWeightDecay,0.082,0.3096,0.6423,0.3327,0.5179,1.6618,49,26,48,54,58,54,56
RSNNS::mlp_Quickprop,7.46,7.1667,7.319,0.1523,6.0055,29.6111,50,49,58,56,28,57,54,RSNNS::mlp_Quickprop,7.502,0.1664,0.1722,0.0058,0.1384,0.5541,50,46,58,55,27,56,54,RSNNS::mlp_Quickprop,9.656,3.4245,3.5389,0.1144,2.8752,13.1137,50,48,58,57,35,57,60,RSNNS::mlp_Quickprop,2.094,6.3871,8.1528,1.7657,6.2517,24.5588,50,45,58,58,57,58,58,RSNNS::mlp_Quickprop,0.906,0.257,0.4804,0.2234,0.4177,1.0187,50,39,52,60,60,60,60,RSNNS::mlp_Quickprop,0.822,0.2177,0.2408,0.0231,0.2084,0.5154,50,40,39,34,33,35,34,RSNNS::mlp_Quickprop,3.522,24.5455,25.0662,0.520699999999998,19.9234,51.7595,50,46,57,57,17,56,57,RSNNS::mlp_Quickprop,0.764,0.5304,0.5304,0,0.4235,1.2829,50,40,54,51,16,51,51
RSNNS::mlp_Rprop,0.692,0.7757,1.2553,0.4796,0.9246,7.6985,51,26,33,28,44,26,27,RSNNS::mlp_Rprop,0.706,0.0307,0.0452,0.0145,0.0374,0.166,51,24,29,27,39,27,27,RSNNS::mlp_Rprop,0.84,1.3146,2.3451,1.0305,1.8953,6.501,51,20,34,32,54,32,32,RSNNS::mlp_Rprop,0.202,3.1838,3.5905,0.4067,2.5733,14.7429,51,25,9,24,48,23,34,RSNNS::mlp_Rprop,0.09,0.0447,0.0959,0.0512,0.0717,0.2622,51,23,7,23,46,22,25,RSNNS::mlp_Rprop,0.08,0.0617,0.0689,0.00720000000000001,0.0484,0.2211,51,26,21,16,21,18,19,RSNNS::mlp_Rprop,0.316,3.5732,6.3892,2.816,4.6858,19.1326,51,25,24,28,46,27,30,RSNNS::mlp_Rprop,0.076,0.283,0.3141,0.0311,0.2531,0.7252,51,25,8,36,49,35,42
RSNNS::mlp_SCG,1.156,0.4652,1.7312,1.266,1.2784,7.8765,52,31,19,30,53,30,28,RSNNS::mlp_SCG,1.14,0.0202,0.0218,0.0016,0.017,0.0747,52,31,20,15,16,15,15,RSNNS::mlp_SCG,1.456,0.698,0.7363,0.0383,0.5439,3.0529,52,29,14,8,17,9,9,RSNNS::mlp_SCG,0.326,3.2498,3.2841,0.0343,2.2854,14.4231,52,32,14,5,11,6,29,RSNNS::mlp_SCG,0.132,0.0555,0.0788,0.0233,0.0618,0.207,52,28,15,16,33,18,18,RSNNS::mlp_SCG,0.122,0.0851,0.1018,0.0167,0.0848,0.2408,52,30,28,24,28,26,23,RSNNS::mlp_SCG,0.556,6.2398,6.4892,0.249400000000001,4.8401,20.2438,52,32,40,30,12,29,33,RSNNS::mlp_SCG,0.104,0.2855,0.6216,0.3361,0.51,1.4782,52,30,23,52,59,52,52
RSNNS::mlp_Std_Backpropagation,0.638,0.4789,0.5588,0.0799,0.4219,2.0582,53,22,20,13,19,13,11,RSNNS::mlp_Std_Backpropagation,0.694,0.042,0.09,0.048,0.0761,0.2168,53,22,34,41,53,41,37,RSNNS::mlp_Std_Backpropagation,0.814,2.7659,2.804,0.0381,2.1912,11.0805,53,17,52,50,16,42,54,RSNNS::mlp_Std_Backpropagation,0.234,3.5707,3.6319,0.0611999999999999,2.6701,14.8068,53,30,35,25,14,28,36,RSNNS::mlp_Std_Backpropagation,0.086,0.0788,0.1292,0.0504,0.0999,0.3342,53,21,24,29,45,29,29,RSNNS::mlp_Std_Backpropagation,0.078,0.1127,0.119,0.0063,0.1,0.2547,53,24,32,28,20,29,25,RSNNS::mlp_Std_Backpropagation,0.318,3.4215,4.832,1.4105,3.8106,15.2518,53,26,21,26,36,26,21,RSNNS::mlp_Std_Backpropagation,0.082,0.2834,0.3135,0.0301,0.2457,0.7675,53,27,16,35,48,32,46
snnR::snnR_none,0.14,1.9864,1.9864,0,1.5889,8.8501,54,9,43,34,7,40,32,snnR::snnR_none,0.102,0.0457,0.0839,0.0382,0.0747,0.2113,54,6,38,36,50,38,35,snnR::snnR_none,0.43,0.7757,0.8621,0.0864,0.603,3.473,54,13,20,19,31,13,14,snnR::snnR_none,0.02,4.3529,4.3529,0,3.2423,15.2576,54,10,55,54,6,54,40,snnR::snnR_none,0.02,0.2585,0.2984,0.0399,0.2556,0.6651,54,12,54,56,41,57,55,snnR::snnR_none,0.006,0.3691,0.3691,0,0.2756,0.8531,54,11,57,55,7,51,53,snnR::snnR_none,0.044,8.8419,9.4678,0.6259,6.9147,30.1105,54,7,47,44,21,46,46,snnR::snnR_none,0.004,0.6793,0.6793,0,0.5564,1.6288,54,8,56,55,17,55,53
traineR::train.nnet_none,0.078,0.4539,0.5799,0.126,0.4649,2.6448,55,6,17,15,25,16,15,traineR::train.nnet_none,0.094,0.0112,0.0263,0.0151,0.0209,0.0954,55,4,11,19,40,20,20,traineR::train.nnet_none,0.152,0.6846,0.74,0.0554,0.5453,3.2851,55,6,13,9,25,10,11,traineR::train.nnet_none,0.014,3.1128,3.3913,0.2785,2.4098,13.3731,55,6,3,11,35,10,6,traineR::train.nnet_none,0.016,0.0505,0.0649,0.0144,0.0529,0.1392,55,10,9,12,26,13,7,traineR::train.nnet_none,0,0.0019,0.0022,0.0003,0.0019,0.0076,55,5,3,3,10,4,5,traineR::train.nnet_none,0.018,2.3713,2.602,0.2307,2.0822,8.0308,55,3,5,3,11,3,3,traineR::train.nnet_none,0,0.283,0.283,0,0.2313,0.5675,55,5,3,2,18,10,11
validann::ann_BFGS,1.712,0.273,0.4266,0.1536,0.3155,1.932,56,32,6,6,29,5,7,validann::ann_BFGS,2.5,0.0096,0.0688,0.0592,0.05,0.1513,56,37,8,32,56,32,26,validann::ann_BFGS,5.086,0.6342,0.7284,0.0942000000000001,0.5216,3.3533,56,40,5,7,32,6,13,validann::ann_BFGS,0.904,3.2262,3.3341,0.1079,2.3356,14.3369,56,37,10,6,17,7,22,validann::ann_BFGS,0.676,0.0405,0.0437,0.0032,0.0342,0.1131,56,36,2,3,10,3,5,validann::ann_BFGS,0.35,0.0022,0.0023,0.0000999999999999998,0.0019,0.007,56,35,5,5,8,5,4,validann::ann_BFGS,0.792,2.3571,2.3654,0.0083000000000002,1.864,7.5013,56,35,2,1,6,2,1,validann::ann_BFGS,0.104,0.283,0.283,0,0.2313,0.5675,56,31,10,8,19,11,12
validann::ann_CG,11.228,0.3813,0.4231,0.0418,0.3165,1.8043,57,53,12,5,14,6,4,validann::ann_CG,25.592,0.0163,0.0184,0.0021,0.0145,0.058,57,59,15,11,20,11,10,validann::ann_CG,58.524,0.6427,0.7212,0.0784999999999999,0.5352,3.3323,57,60,6,6,28,8,12,validann::ann_CG,30.46,3.1175,3.2299,0.1124,2.1865,13.2863,57,60,6,3,18,2,5,validann::ann_CG,31.616,0.0536,0.061,0.0074,0.0476,0.1415,57,60,14,9,17,7,9,validann::ann_CG,25.106,0.0035,0.0076,0.0041,0.0061,0.0205,57,60,10,8,15,8,8,validann::ann_CG,34.308,3.5928,6.3016,2.7088,4.7543,17.8412,57,59,26,27,45,28,28,validann::ann_CG,23.762,0.283,0.283,0,0.2313,0.5675,57,60,12,10,20,12,13
validann::ann_L-BFGS-B,1.828,0.4455,1.5927,1.1472,1.1539,8.9132,58,33,16,29,52,29,33,validann::ann_L-BFGS-B,2.702,0.0211,0.0256,0.0045,0.0208,0.0865,58,38,21,16,25,19,16,validann::ann_L-BFGS-B,5.418,0.8502,1.1103,0.2601,0.8812,3.5016,58,42,25,24,45,24,15,validann::ann_L-BFGS-B,1.038,3.238,3.5703,0.3323,2.6699,14.785,58,39,13,23,41,27,35,validann::ann_L-BFGS-B,0.784,0.0691,0.0778,0.0087,0.0617,0.2019,58,37,22,15,18,17,15,validann::ann_L-BFGS-B,0.512,0.0038,0.0084,0.0046,0.0066,0.0207,58,36,11,9,16,9,9,validann::ann_L-BFGS-B,0.84,3.0632,4.0776,1.0144,3.1853,13.2715,58,36,16,16,31,16,17,validann::ann_L-BFGS-B,0.222,0.283,0.283,0,0.2313,0.5675,58,35,11,9,21,13,14
validann::ann_Nelder-Mead,2.126,3.1073,3.5453,0.438,2.7197,17.3854,59,38,51,48,42,49,46,validann::ann_Nelder-Mead,6.334,0.0991,0.1082,0.00910000000000001,0.082,0.3701,59,44,48,44,34,44,44,validann::ann_Nelder-Mead,16.114,2.6029,2.6812,0.0783,2.2886,7.2908,59,52,45,46,27,45,38,validann::ann_Nelder-Mead,22.952,3.9234,4.1325,0.2091,3.1924,14.4615,59,59,50,48,30,53,30,validann::ann_Nelder-Mead,30.686,0.0633,0.1987,0.1354,0.1673,0.4305,59,59,19,38,59,40,35,validann::ann_Nelder-Mead,17.878,0.0833,0.1951,0.1118,0.1633,0.3615,59,59,26,31,52,32,30,validann::ann_Nelder-Mead,29.606,6.7221,7.5819,0.8598,5.9618,22.5839,59,57,41,34,29,35,34,validann::ann_Nelder-Mead,9.006,0.3256,0.3341,0.00850000000000001,0.2793,0.8397,59,57,50,44,43,46,50
validann::ann_SANN,0.172,3.3417,4.0522,0.7105,2.9633,19.6574,60,10,53,50,47,50,50,validann::ann_SANN,0.204,0.1414,0.1485,0.0071,0.1149,0.5629,60,11,55,54,32,53,55,validann::ann_SANN,0.27,2.9199,2.9986,0.0787,2.4922,10.0706,60,10,54,52,29,53,52,validann::ann_SANN,0.14,5.7592,7.3556,1.5964,5.9016,19.8265,60,23,57,57,56,57,57,validann::ann_SANN,0.148,0.2274,0.2546,0.0272,0.199,0.5099,60,29,49,43,36,43,41,validann::ann_SANN,0.142,0.2692,0.3271,0.0579,0.2707,0.6914,60,32,42,38,45,45,35,validann::ann_SANN,0.204,9.9162,14.273,4.3568,11.6041,32.1496,60,22,50,50,55,51,50,validann::ann_SANN,0.168,0.3084,0.3344,0.026,0.2773,0.6937,60,33,47,45,46,44,40
